101,102,103,104,201,202,203,204,301,302,303,304,401,402,403,404,405,501,502,503
Aceguá,Água Santa,André da Rocha,Agrolândia,Abatiá,Alto Paraíso,Adamantina,Anastácio,Água Clara,Adolfo,Abadia dos Dourados,Angelândia,Abadia de Goiás,Alta Floresta,Água Boa,Alto Horizonte,Angical,Anadia,Afonso Cunha,Alto Alegre
 Agudo, Ajuricaba, Antônio Prado, Agronômica, Altamira do Paraná, Alto Paraná, Aguaí, Angélica, Alcinópolis, Altair, Abaeté, Aricanduva, Adelândia, Apiacás, Alto Boa Vista, Amaralina, Baianópolis, Arapiraca, Água Doce do Maranhão, Amajari
 Alegrete, Alecrim, Barracão, Águas Mornas, Alvorada do Sul, Alto Piquiri, Águas da Prata, Antônio João, Aparecida do Taboado, Altinópolis, Abre Campo, Arinos, Americano do Brasil, Aripuanã, Araguaiana, Bonópolis, Barreiras, Atalaia, Alcântara, Boa Vista
 Alto Feliz, Alegria, Bento Gonçalves, Alfredo Wagner, Anahy, Altônia, Águas de Lindóia, Bataguassu, Aquidauana, Álvares Florence, Acaiaca, Bocaiúva, Amorinópolis, Brasnorte, Barra do Garças, Campinaçu, Brejolândia, Barra de Santo Antônio, Aldeias Altas, Bonfim
 Alvorada, Almirante Tamandaré do Sul, Bom Jesus, Angelina, Andirá, Amaporã, Águas de Santa Bárbara, Bela Vista, Bandeirantes, Américo de Campos, Açucena, Bonfinópolis de Minas, Anicuns, Campo Novo do Parecis, Bom Jesus do Araguaia, Campinorte, Canápolis, Barra de São Miguel, Altamira do Maranhão, Cantá
 Amaral Ferrador, Alpestre, Cacique Doble, Anitápolis, Apucarana, Ângulo, Águas de São Pedro, Bodoquena, Camapuã, Aparecida D'Oeste, Água Boa, Bonito de Minas, Araçu, Campos de Júlio, Campinápolis, Campos Verdes, Carinhanha, Batalha, Alto Alegre do Maranhão, Caracaraí
 Arambaré, Alto Alegre, Cambará do Sul, Antônio Carlos, Arapongas, Atalaia, Agudos, Bonito, Cassilândia, Aramina, Aguanil, Botumirim, Aragarças, Carlinda, Canabrava do Norte, Colinas do Sul, Catolândia, Belém, Alto Alegre do Pindaré, Caroebe
 Araricá, Ametista do Sul, Campestre da Serra, Apiúna, Arapuã, Brasilândia do Sul, Alfredo Marcondes, Brasilândia, Chapadão do Sul, Ariranha, Além Paraíba, Brasilândia de Minas, Aragoiânia, Castanheira, Canarana, Crixás, Cocos, Belo Monte, Amapá do Maranhão, Iracema
 Arroio do Meio, Anta Gorda, Capão Bonito do Sul, Araquari, Araruna, Cafeara, Alto Alegre, Campo Grande, Corguinho, Aspásia, Alfredo Vasconcelos, Brasília de Minas, Araguapaz, Cláudia, Cocalinho, Estrela do Norte, Coribe, Boca da Mata, Anajatuba, Mucajaí
 Arroio do Padre, Aratiba, Caseiros, Araranguá, Ariranha do Ivaí, Cafezal do Sul, Alumínio, Caracol, Costa Rica, Auriflama, Alto Caparaó, Buritis, Arenópolis, Colíder, Confresa, Formoso, Correntina, Branquinha, Anapurus, Normandia e Pacaraíma
 Arroio do Sal, Arroio do Tigre, Caxias do Sul, Armazém, Assaí, Cianorte, Álvares Machado, Corumbá, Coxim, Bady Bassitt, Alto Jequitibá, Buritizeiro, Aruanã, Colniza, Luciára, Mara Rosa, Cotegipe, Cacimbinhas, Apicum-Açu, Rorainópolis
 Arroio dos Ratos, Arvorezinha, Coronel Pilar, Arroio Trinta, Assis Chateaubriand, Cidade Gaúcha, Álvaro de Carvalho, Deodápolis, Figueirão, Bálsamo, Alto Rio Doce, Cabeceira Grande, Aurilândia, Comodoro, Nova Nazaré, Minaçu, Cristópolis, Cajueiro, Araguanã, São João da Baliza
 Arroio Grande, Augusto Pestana, Cotiporã, Ascurra, Astorga, Colorado, Alvinlândia, Dois Irmãos do Buriti, Inocência, Barretos, Alvarenga, Capelinha, Avelinópolis, Conquista D'Oeste, Nova Xavantina, Montividiu do Norte, Feira da Mata, Campestre, Araioses, São Luís
 Bagé, Áurea, Esmeralda, Atalanta, Bandeirantes, Cruzeiro do Oeste, Americana, Douradina, Jaraguari, Barrinha, Alvinópolis, Capitão Enéas, Baliza, Cotriguaçu, Novo Santo Antônio, Mozarlândia, Formosa do Rio Preto, Campo Alegre, Arari, Uiramutã
 Balneário Pinhal, Barão de Cotegipe, Fagundes Varela, Aurora, Barbosa Ferraz, Cruzeiro do Sul, Américo Brasiliense, Dourados, Miranda, Batatais, Alvorada de Minas, Carbonita, Barro Alto, Diamantino, Novo São Joaquim, Mundo Novo, Jaborandi, Campo Grande, Axixá,
 Barão, Barra do Guarita, Farroupilha, Balneário Arroio do Silva, Barra do Jacaré, Diamante do Norte, Amparo, Fátima do Sul, Paranaíba, Bebedouro, Amparo do Serra, Chapada Gaúcha, Bom Jardim de Goiás, Feliz Natal, Porto Alegre do Norte, Mutunópolis, Luis Eduardo Magalhães, Capela, Bacabeira,
 Barão do Triunfo, Barra do Rio Azul, Flores da Cunha, Balneário Barra do Sul, Bela Vista do Paraíso, Douradina, Analândia, Glória de Dourados, Pedro Gomes, Brodowski, Antônio Carlos, Cônego Marinho, Brazabrantes, Gaúcha do Norte, Querência, Niquelândia, Mansidão, Chã Preta, Bacuri,
 Barra do Quaraí, Barra Funda, Garibaldi, Balneário Camboriú, Boa Esperança, Esperança Nova, Andradina, Guia Lopes da Laguna, Ribas do Rio Pardo, Buritizal, Antônio Dias, Couto de Magalhães de Minas, Britânia, Guarantã do Norte, Ribeirão Cascalheira, Nova Crixás, Riachão das Neves, Coité do Noia, Bacurituba,
 Barra do Ribeiro, Barros Cassal, Guabiju, Balneário Gaivota, Boa Vista da Aparecida, Floraí, Angatuba, Itaporã, Rio Negro, Cajobi, Antônio Prado de Minas, Cristalia, Buriti de Goiás, Ipiranga do Norte, Santa Cruz do Xingu, Nova Iguaçu de Goiás, Santa Maria da Vitória, Colônia Leopoldina, Barreirinhas,
 Boa Vista do Sul, Benjamin Constant do Sul, Ibiaçá, Barra Velha, Bom Sucesso, Flórida, Anhembi, Ivinhema, Rio Verde de Mato Grosso, Cajuru, Araçaí, Datas, Cachoeira de Goiás, Itanhangá, Santa Terezinha, Novo Planalto, Santa Rita de Cássia, Coqueiro Seco, Bela Vista do Maranhão,
 Bom Princípio, Boa Vista das Missões, Ibiraiaras, Benedito Novo, Borrazópolis, Francisco Alves, Anhumas, Jardim, Rochedo, Cândido Rodrigues, Aracitaba, Diamantina, Caiapônia, Itaúba, Santo Antonio do Leste, Porangatu, Santana, Coruripe, Belágua,
 Bom Retiro do Sul, Boa Vista do Buricá, Ipê, Biguaçu, Braganey, Guairaçá, Aparecida, Ladário, São Gabriel do Oeste, Cardoso, Araguari, Dom Bosco, Campestre de Goiás, Juara, São Félix do Araguaia, Santa Tereza de Goiás, São Desidério, Craíbas, Bequimão,
 Brochier, Boa Vista do Cadeado, Jaquirana, Blumenau, Cafelândia, Guaporema, Araçariguama, Maracaju, Selvíria, Cássia dos Coqueiros, Araponga, Engenheiro Navarro, Carmo do Rio Verde, Juína, São José do Xingu, Santa Terezinha de Goiás, São Félix do Coribe, Dois Riachos, Bernardo do Mearim,
 Butiá, Boa Vista do Incra, Lagoa Vermelha, Bom Jardim da Serra, Califórnia, Guaraci, Araçatuba, Nioaque, Sonora, Catanduva, Arapuá, Felício dos Santos, Caturaí, Juruena, Serra Nova Dourada, São Miguel do Araguaia, Serra do Ramalho, Estrela de Alagoas, Boa Vista do Gurupi,
 Caçapava do Sul, Bom Progresso, Machadinho, Bombinhas, Cambará, Icaraíma, Arandu, Nova Alvorada do Sul, Três Lagoas, Catiguá, Araújos, Formoso, Ceres, Lucas do Rio Verde, Vila Rica , Trombas, Serra Dourada, Feira Grande, Bom Jardim,
 Cacequi, Boqueirão do Leão, Maximiliano de Almeida, Botuverá, Cambé, Iguaraçu, Arapeí, Nova Andradina, Aparecida do Rio Doce, Cedral, Araxá, Francisco Dumont, Cezarina, Marcelândia,, Uirapuru, Tabocas do Brejo Velho, Feliz Deserto, Bom Jesus das Selvas,
 Cachoeira do Sul, Bossoroca, Monte Alegre dos Campos, Braço do Norte, Cambira, Inajá, Araraquara, Ponta Porã, Aporé, Colina, Arcos, Francisco Sá, Córrego do Ouro, Matupá,, Uruaçu, Wanderley , Flexeiras, Bom Lugar,
 Cachoeirinha, Bozano, Monte Belo do Sul, Braço do Trombudo, Campina da Lagoa, Indianópolis, Araras, Porto Murtinho, Cachoeira Alta, Colômbia, Argirita, Gameleiras, Damolândia, Nobres,, Aliança do Tocantins,, Girau do Ponciano, Brejo,
 Camaquã, Braga, Muitos Capões, Brunópolis, Campo Bonito, Iporã, Arco-Íris, Rio Brilhante, Caçu, Cosmorama, Astolfo Dutra, Glaucilândia, Diorama, Nova Bandeirantes,, Almas,, Ibateguara, Brejo de Areia,
 Campo Bom, Caibaté, Muliterno, Brusque, Campo Mourão, Itaguajé, Arealva, Santa Rita do Pardo, Chapadão do Céu, Cravinhos, Augusto de Lima, Gouveia, Doverlândia, Nova Brasilândia,, Alvorada,, Igaci, Buriti,
 Candelária, Caiçara, Nova Araçá, Camboriú, Cândido de Abreu, Itaúna do Sul, Areias, Sidrolândia, Itajá, Cristais Paulista, Baldim, Grão Mogol, Faina, Nova Canaã do Norte,, Araguaçu,, Igreja Nova, Buriti Bravo,
 Candiota, Camargo, Nova Bassano, Campo Alegre, Capitão Leônidas Marques, Ivaté, Areiópolis, Terenos, Itarumã, Dirce Reis, Bambuí, Guaraciama, Fazenda Nova, Nova Guarita,, Arraias,, Jacaré dos Homens, Buriticupu,
 Canela, Campina das Missões, Nova Pádua, Canelinha, Carlópolis, Japurá, Artur Nogueira, Vicentina , Jataí, Dolcinópolis, Barão de Cocais, Guarda-Mor, Firminópolis, Nova Lacerda,, Aurora do Tocantins,, Jacuípe, Cachoeira Grande,
 Canguçu, Campinas do Sul, Nova Prata, Capivari de Baixo, Cascavel, Jardim Olinda, Arujá,, Lagoa Santa, Dumont, Barão de Monte Alto, Ibiracatu, Goianésia, Nova Maringá,, Cariri do Tocantins,, Japaratinga, Cajari,
 Canoas, Campo Novo, Nova Roma do Sul, Chapadão do Lageado, Catanduvas, Jussara, Assis,, Mineiros, Elisiário, Barbacena, Itacambira, Goianira, Nova Monte Verde,, Chapada da Natividade,, Jaramataia, Cândido Mendes,
 Canudos do Vale, Campos Borges, Paim Filho, Cocal do Sul, Centenário do Sul, Loanda, Atibaia,, Perolândia, Embaúba, Barra Longa, Itacarambi, Goiás, Nova Mutum,, Combinado,, Jequiá da Praia, Cantanhede,
 Capão da Canoa, Cândido Godói, Paraí, Corupá, Céu Azul, Lobato, Avaí,, Portelândia, Estrela D'Oeste, Barroso, Itamarandiba, Guapó, Nova Olímpia,, Conceição do Tocantins,, Joaquim Gomes, Capinzal do Norte,
 Capão do Leão, Capão do Cipó, Pinhal da Serra, Criciúma, Congonhinhas, Lupionópolis, Avanhandava,, Rio Verde, Fernando Prestes, Bela Vista de Minas, Jaiba, Guaraíta, Nova Santa Helena,, Crixás do Tocantins,, Jundiá, Carutapera,
 Capela de Santana, Carazinho, Protásio Alves, Curitibanos, Conselheiro Mairinck, Mandaguaçu, Avaré,, Santa Rita do Araguaia, Fernandópolis, Belmiro Braga, Janauba, Guarinos, Nova Ubiratã,, Dianópolis,, Junqueiro, Caxias,
 Capitão, Carlos Gomes, Sananduva, Dona Emma, Corbélia, Maria Helena, Balbinos,, Serranópolis , Floreal, Belo Horizonte, Januária, Heitoraí, Novo Horizonte do Norte,, Dueré,, Lagoa da Canoa, Cedral,
 Capivari do Sul, Casca, Santa Tereza, Doutor Pedrinho, Cornélio Procópio, Marilena, Bananal,,, Franca, Belo Oriente, Japonvar, Hidrolina, Novo Mundo,, Figueirópolis,, Limoeiro de Anadia, Central do Maranhão,
 Caraá, Catuípe, Santo Expedito do Sul, Ermo, Corumbataí do Sul, Mariluz, Barão de Antonina,,, Gastão Vidigal, Belo Vale, João Pinheiro, Indiara, Paranaíba,, Formoso do Araguaia,, Maceió, Centro do Guilherme,
 Carlos Barbosa, Centenário, São Francisco de Paula, Florianópolis, Cruzmaltina, Mirador, Barbosa,,, General Salgado, Betim, Juramento, Inhumas, Paranatinga,, Gurupi,, Major Isidoro, Centro Novo do Maranhão,
 Cerrito, Cerro Grande, São João da Urtiga, Forquilhinha, Curiúva, Munhoz de Melo, Bariri,,, Guaíra, Bias Fortes, Juvenília, Ipiranga de Goiás, Peixoto de Azevedo,, Ipueiras,, Mar Vermelho, Chapadinha ,
 Cerro Branco, Cerro Largo, São Jorge, Fraiburgo, Diamante do Sul, Nossa Senhora das Graças, Barra Bonita,,, Guapiaçu, Bicas, Lagamar, Iporá, Planalto da Serra,, Jaú do Tocantins,, Maragogi, Codó,
 Cerro Grande do Sul, Chapada, São José do Ouro, Frei Rogério, Diamante D'Oeste, Nova Aliança do Ivaí, Bastos,,, Guará, Biquinhas, Lagoa Grande, Israelândia, Porto dos Gaúchos,, Lavandeira,, Marechal Deodoro, Coelho Neto,
 Charqueadas, Charrua, São Marcos, Garopaba, Doutor Camargo, Nova Esperança, Bauru,,, Guaraci, Bom Despacho, Lassance, Itaberaí, Rondolândia,, Natividade,, Maribondo, Conceição do Lago-Açu,
 Chuvisca, Chiapeta, Tupanci do Sul, Garuva, Engenheiro Beltrão, Nova Londrina, Bento de Abreu,,, Guarani D'Oeste, Bom Jesus do Amparo, Leme do Prado, Itaguari, Santa Carmem,, Novo Alegre,, Matriz de Camaragibe, Coroatá,
 Cidreira, Ciríaco, Vacaria, Gaspar, Entre Rios do Oeste, Nova Olímpia, Bernardino de Campos,,, Guzolândia, Bom Jesus do Galho, Lontra, Itaguaru, Santa Rita do Trivelato,, Novo Jardim,, Messias, Cururupu,
 Colinas, Colorado, Veranópolis, Governador Celso Ramos, Farol, Ourizona, Bilac,,, Ibirá, Bom Sucesso, Malacacheta, Itapaci, São José do Rio Claro,, Palmeirópolis,, Minador do Negrão, Duque Bacelar,
 Cristal, Condor, Vila Flores, Grão Pará, Faxinal, Paraíso do Norte, Biriguí,,, Icém, Bonfim, Manga, Itapirapuã, Sapezal,, Paranã,, Monteirópolis, Esperantinópolis,
 Cruzeiro do Sul, Constantina, Vista Alegre do Prata, Gravatal, Fênix, Paranacity, Boa Esperança do Sul,,, Igarapava, Brás Pires, Matias Cardoso, Itapuranga, Sinop,, Peixe,, Murici, Godofredo Viana,
 Dilermando de Aguiar, Coqueiro Baixo, Água Doce, Guabiruba, Figueira, Paranapoema, Bocaina,,, Indiaporã, Braúnas, Minas Novas, Itauçu, Sorriso,, Pindorama do Tocantins,, Novo Lino, Governador Newton Bello,
 Dois Irmãos, Coqueiros do Sul, Bocaina do Sul, Guaramirim, Floresta, Paranavaí, Bofete,,, Ipiguá, Brumadinho, Mirabela, Ivolândia, Tabaporã,, Ponte Alta do Bom Jesus,, Olho d'Água das Flores, Governador Nunes Freire,
 Dom Feliciano, Coronel Barros, Bom Retiro do Sul, Herval D'Oeste, Florestópolis, Perobal, Boituva,,, Ipuã, Buenópolis, Miravânia, Jandaia, Tangará da Serra,, Porto Alegre do Tocantins,, Olho d'Água Grande, Guimarães,
 Dom Pedrito, Coronel Bicaco, Caçador, Ibiam, Formosa do Oeste, Pérola, Bom Jesus dos Perdões,,, Irapuã, Bugre, Montalvânia, Jaraguá, Tapurah,, Rio da Conceição,, Olivença, Humberto de Campos,
 Dom Pedro de Alcântara, Coxilha, Campo Belo do Sul, Ibicaré, Foz do Iguaçu, Planaltina do Paraná, Borá,,, Itajobi, Cachoeira da Prata, Montes Claros, Jaupaci, Terra Nova do Norte,, Sandolândia,, Palestina, Icatu,
 Dona Francisca, Crissiumal, Capão Alto, Ibirama, Godoy Moreira, Porto Rico, Boracéia,,, Itirapuã, Caetanópolis, Natalândia, Jesúpolis, União do Sul,, Santa Rosa do Tocantins,, Palmeira dos Índios, Igarapé do Meio,
 Eldorado do Sul, Cristal do Sul, Catanduvas, Içara, Goioerê, Presidente Castelo Branco, Borborema,,, Ituverava, Caeté, Olhosd'Água, Jussara, Vera,, São Salvador do Tocantins,, Paripueira, Igarapé Grande,
 Encruzilhada do Sul, Cruz Alta, Cerro Negro, Ilhota, Grandes Rios, Querência do Norte, Borebi,,, Jaborandi, Caiana, Nova Porteirinha, Matrinchã, Vila Bela da Santíssima Trindade,, São Valério da Natividade,, Passo de Camaragibe, Itapecuru Mirim,
 Estância Velha, Cruzaltense, Correia Pinto, Imaruí, Guaíra, Rondon, Botucatu,,, Jaboticabal, Cajuri, Paracatu, Moiporá, Alta Floresta D'Oeste,, Silvanópolis,, Paulo Jacinto, Junco do Maranhão,
 Esteio, David Canabarro, Irani, Imbituba, Guapirama, Santa Cruz de Monte Castelo, Bragança Paulista,,, Jaci, Camacho, Patis, Montes Claros de Goiás, Alto Alegre dos Parecis,, Sucupira,, Penedo, Lago da Pedra,
 Estrela, Derrubadas, Lages, Imbuia, Guaraniaçu, Santa Fé, Braúna,,, Jales, Campina Verde, Pedras de Maria da Cruz, Montividiu, Alto Paraíso,, Taguatinga,, Piaçabuçu, Lago do Junco,
 Faxinal do Soturno, Dezesseis de Novembro, Lebon Régis, Indaial, Ibaiti, Santa Inês, Brejo Alegre,,, Jardinópolis, Campo Belo, Pirapora, Morro Agudo de Goiás, Alvorada D'Oeste,, Taipas do Tocantins,, Pilar, Lago dos Rodrigues,
 Fazenda Vilanova, Dois Irmãos das Missões, Macieira, Iomerê, Ibema, Santa Isabel do Ivaí, Brotas,,, Jeriquara, Campo Florido, Ponto Chique, Mossâmedes, Ariquemes,, Talismã ,, Pindoba, Lago Verde,
 Feliz, Dois Lajeados, Otacílio Costa, Itajaí, Ibiporã, Santa Mônica, Buritama,,, José Bonifácio, Campos Altos, Porteirinha, Nazário, Buritis,,,, Porto Calvo, Lagoa Grande do Maranhão,
 Formigueiro, Doutor Maurício Cardoso, Painel, Itapema, Iguatu, Santo Antônio do Caiuá, Cabrália Paulista,,, Macaubal, Cana Verde, Presidente Kubitschek, Nova América, Cabixi,,,, Porto de Pedras, Lima Campos,
 Forquetinha, Doutor Ricardo, Palmeira, Itapoá, Iracema do Oeste, Santo Inácio, Cabreúva,,, Macedônia, Canaã, Presidente Olegário, Nova Glória, Cacaulândia,,,, Porto Real do Colégio, Luís Domingues,
 Garruchos, Encantado, Passos Maia, Ituporanga, Iretama, São Carlos do Ivaí, Caçapava,,, Magda, Candeias, Riachinho, Nova Veneza, Cacoal,,,, Quebrangulo, Magalhães de Almeida,
 General Câmara, Engenho Velho, Ponte Alta, Jacinto Machado, Itaipulândia, São João do Caiuá, Cachoeira Paulista,,, Marapoama, Cantagalo, Riacho dos Machados Santa Fé de Minas, Novo Brasil, Campo Novo de Rondônia,,,, Rio Largo, Maracaçumé,
 Glorinha, Entre Rios do Sul, Ponte Alta do Norte, Jaguaruna, Itambaracá, São Jorge do Ivaí, Caconde,,, Marinópolis, Caparaó, São Gonçalo do Abaeté, Ouro Verde de Goiás, Candeias do Jamari,,,, Roteiro, Marajá do Sena,
 Gramado, Entre-Ijuís, Ponte Serrada, Jaraguá do Sul, Itambé, São Jorge do Patrocínio, Cafelândia,,, Mendonça, Capela Nova, São Francisco, Palestina de Goiás, Castanheiras,,,, Santa Luzia do Norte, Maranhãozinho,
 Gravataí, Erebango, Rio das Antas, Joaçaba, Ivaiporã, São Manoel do Paraná, Caiabu,,, Meridiano, Capim Branco, São Gonçalo do Rio Preto, Palmeiras de Goiás, Cerejeiras,,,, Santana do Mundaú, Mata Roma,
 Guaíba, Erechim, Rio Rufino, Joinville, Ivatuba, São Pedro do Paraná, Caiuá,,, Mesópolis, Caputira, São João da Ponte, Palminópolis, Chupinguaia,,,, São Brás, Matinha,
 Harmonia, Ernestina, Santa Cecília, José Boiteux, Jaboti, São Tomé, Campinas,,, Miguelópolis, Caranaíba, São João das Missões, Paraúna, Colorado do Oeste,,,, São José da Laje, Matões,
 Herval, Erval Grande, São Cristóvão do Sul, Laguna, Jacarezinho, Tamboara, Campo Limpo Paulista,,, Mira Estrela, Carandaí, São Romão, Petrolina de Goiás, Corumbiara,,,, São Luís do Quitunde, Matões do Norte,
 Herveiras, Erval Seco, São Joaquim, Laurentino, Jaguapitã, Tapejara, Campos Novos Paulista,,, Mirassol, Carangola, Senador Modestino Gonçalves, Pilar de Goiás, Costa Marques,,,, São Miguel dos Campos, Milagres do Maranhão,
 Hulha Negra, Esperança do Sul, São José do Cerrito, Lauro Muller, Jandaia do Sul, Tapira, Canas,,, Mirassolândia, Caratinga, Setubinha, Piranhas, Cujubim,,,, São Miguel dos Milagres, Miranda do Norte,
 Ibarama, Espumoso, Timbó Grande, Leoberto Leal, Janiópolis, Terra Rica, Capivari,,, Monções, Carmésia, Teófilo Otoni, Pirenópolis, Espigão D'Oeste,,,, São Sebastião, Mirinzal,
 Igrejinha, Estação, Urubici, Lontras, Japira, Tuneiras do Oeste, Casa Branca,,, Monte Alto, Carmo da Mata, Turmalina, Rialma, Governador Jorge Teixeira,,,, Satuba, Monção,
 Imbé, Estrela Velha, Urupema, Luiz Alves, Jardim Alegre, Umuarama, Castilho,,, Monte Aprazível, Carmo do Cajuru, Unaí, Rianápolis, GuajaráMirim,,,, Tanque d'Arca, Morros,
 Imigrante, Eugênio de Castro, Vargem Bonita, Luzerna, Jataizinho, Uniflor, Cerqueira César,,, Monte Azul Paulista, Carmo do Paranaíba, Uruana de Minas, Rubiataba, Itapuã do Oeste,,,, Taquarana, Nina Rodrigues,
 Itaara, Faxinalzinho, Adrianópolis, Major Gercino, Jesuítas, Vila Alta, Cerquilho,,, Morro Agudo, Carmópolis de Minas, Urucuia, Sanclerlândia, Jaru,,,, Teotônio Vilela, Nova Olinda do Maranhão,
 Itaqui, Floriano Peixoto, Agudos do Sul, Maracajá, Joaquim Távora, Xambrê, Cesário Lange,,, Neves Paulista, Carrancas, Varjão de Minas, Santa Bárbara de Goiás, Ji-Paraná,,,, Traipu, Olho d'Água das Cunhãs,
 Itati, Fontoura Xavier, Almirante Tamandaré, Massaranduba, Jundiaí do Sul, Estrela do Norte, Charqueada,,, Nhandeara, Casa Grande, Várzea da Palma, Santa Fé de Goiás, Machadinho D'Oeste,,,, União dos Palmares, Olinda Nova do Maranhão,
 Ivorá, Fortaleza dos Valos, Antonina, Meleiro, Juranda, Euclides da Cunha Paulista, Clementina,,, Nipoã, Cascalho Rico, Varzelândia, Santa Isabel, Ministro Andreazza,,,, Viçosa, Paço do Lumiar,
 Ivoti, Frederico Westphalen, Antônio Olinto, Mirim Doce, Kaloré, Mirante do Paranapanema, Conchal,,, Nova Aliança, Cataguases, Vazante, Santa Rita do Novo Destino, Mirante da Serra,,,, Acajutiba, Palmeirândia,
 Jaguarão, Gaurama, Arapoti, Monte Carlo, Laranjal, Narandiba, Conchas,,, Nova Canaã Paulista, Catas Altas, Verdelândia, Santa Rosa de Goiás, Monte Negro,,,, Adustina, Parnarama,
 Jaguari, Gentil, Araucária, Morro da Fumaça, Leópolis, Pirapozinho, Cordeirópolis,,, Nova Castilho, Catas Altas da Noruega, Veredinha, Santo Antônio Goiás, Nova Brasilândia,,,, Água Fria, Paulino Neves,
 Lagoa Bonita do Sul, Getúlio Vargas, Balsa Nova, Morro Grande, Lidianópolis, Rosana, Coroados,,, Nova Granada, Cedro do Abaeté, Abadiânia, São Francisco de Goiás, Nova Mamoré,,,, Alagoinhas, Paulo Ramos,
 Lajeado, Giruá, Bituruna, Navegantes, Lindoeste, Sandovalina, Coronel Macedo,,, Nova Luzitânia, Chácara, Água Fria de Goiás, São João da Paraúna, Nova União,,,, Aporá, Pedreiras,
 Lavras do Sul, Gramado dos Loureiros, Boa Ventura de São Roque, Nova Trento, Londrina, Tarabai, Corumbataí,,, Novais, Chalé, Águas Lindas de Goiás, São Luís de Montes Belos, Novo Horizonte do Oeste,,,, Araças, Pedro do Rosário,
 Lindolfo Collor, Gramado Xavier, Bocaiúva do Sul, Nova Veneza, Luiziana, Teodoro Sampaio, Cosmópolis,,, Novo Horizonte, Chiador, Alexânia, São Luíz do Norte, Ouro Preto do Oeste,,,, Aramari, Penalva,
 Linha Nova, Guaporé, Campina do Simão, Orleans, Lunardelli, Amambaí, Cruzeiro,,, Nuporanga, Cipotânea, Alto Paraíso de Goiás, São Patrício, Parecis,,,, Cardeal da Silva, Peri Mirim,
 Maçambará, Guarani das Missões, Campina Grande do Sul, Palhoça, Mamborê, Anaurilândia, Cunha,,, Olímpia, Cláudio, Alvorada do Norte, Taquaral de Goiás, Pimenta Bueno,,,, Catu, Peritoró,
 Mampituba, Horizontina, Campo do Tenente, Passo de Torres, Mandaguari, Aral Moreira, Descalvado,,, Onda Verde, Coimbra, Anápolis, Trindade, Pimenteiras do Oeste,,,, Conde, Pindaré-Mirim,
 Manoel Viana, Humaitá, Campo Largo, Paulo Lopes, Manoel Ribas, Batayporã, Divinolândia,,, Orindiúva, Coluna, Aparecida de Goiânia, Turvânia, Porto Velho,,,, Coração de Maria, Pinheiro,
 Maquiné, Ibirapuitã, Campo Magro, Pedras Grandes, Marechal Cândido Rondon, Caarapó, Dobrada,,, Orlândia, Comendador Gomes, Bela Vista de Goiás, Uruana, Presidente Médici,,,, Crisópolis, Pio XII,
 Maratá, Ibirubá, Candói, Penha, Marialva, Coronel Sapucaia, Dois Córregos,,, Ouroeste, Conceição da Barra de Minas, Bonfinópolis, Varjão, Primavera de Rondônia,,,, Entre Rios, Pirapemas,
 Mariana Pimentel, Ijuí, Cantagalo, Petrolândia, Marilândia do Sul, Eldorado, Dourado,,, Palestina, Conceição de Ipanema, Buritinópolis, Vila Propício, Rio Crespo,,,, Esplanada, Poção de Pedras,
 Mata, Ilópolis, Carambeí, Piçarras, Maringá, Iguatemi, Dracena,,, Palmares Paulista, Conceição do Mato Dentro, Cabeceiras, Acorizal, Rolim de Moura,,,, Inhambupe, Porto Rico do Maranhão,
 Mato Leitão, Independência, Castro, Pinheiro Preto, Maripá, Itaquiraí, Duartina,,, Palmeira D'Oeste, Conceição do Pará, Caldazinha, Alto Araguaia, Santa Luzia D'Oeste,,,, Irará, Presidente Juscelino,
 Minas do Leão, Inhacorá, Cerro Azul, Pomerode, Marumbi, Japorã, Echaporã,,, Paraíso, Confins, Campo Limpo de Goiás, Alto Garças, São Felipe D'Oeste,,,, Itanagra, Presidente Médici,
 Montenegro, Ipiranga do Sul, Colombo, Porto Belo, Matelândia, Jateí, Elias Fausto,,, Paranapuã, Congonhas, Campos Belos, Alto Paraguai, São Francisco do Guaporé,,,, Itapicuru, Presidente Sarney,
 Morrinhos do Sul, Iraí, Contenda, Pouso Redondo, Mato Rico, Juti, Emilianópolis,,, Parisi, Congonhas do Norte, Cavalcante, Alto Taquari, São Miguel do Guaporé,,,, Jandaíra, Presidente Vargas,
 Morro Redondo, Itacurubi, Coronel Domingos Soares, Praia Grande, Mauá da Serra, Laguna Carapã, Engenheiro Coelho,,, Patrocínio Paulista, Conquista, Cidade Ocidental, Araguainha, Seringueiras,,,, Olindina, Primeira Cruz,
 Morro Reuter, Itapuca, Cruz Machado, Presidente Getúlio, Medianeira, Mundo Novo, Espírito Santo do Pinhal,,, Paulo de Faria, Conselheiro Lafaiete, Cocalzinho de Goiás, Araputanga, Teixeirópolis,,,, Ouriçangas, Raposa,
 Mostardas, Itatiba do Sul, Curitiba, Presidente Nereu, Mercedes, Naviraí, Espírito Santo do Turvo,,, Pedranópolis, Contagem, Corumbá de Goiás, Arenápolis, Theobroma,,,, Paripiranga, Rosário,
 Nova Esperança do Sul, Jaboticaba, Doutor Ulysses, Rancho Queimado, Miraselva, Novo Horizonte do Sul, Estiva Gerbi,,, Pedregulho, Cordisburgo, Cristalina, Barão do Melgaço, Urupá,,,, Pedrão, Santa Helena,
 Nova Hartz, Jacuizinho, Fazenda Rio Grande, Rio do Campo, Missal, Paranhos, Fernão,,, Pindorama, Corinto, Damianópolis, Barra do Bugres, Vale do Anari,,,, Pojuca, Santa Inês,
 Nova Palma, Jacutinga, Fernandes Pinheiro, Rio do Oeste, Moreira Sales, Sete Quedas, Flora Rica,,, Pirangi, Coroaci, Divinópolis de Goiás, Cáceres, Vale do Paraíso,,,, Rio Real, Santa Luzia,
 Nova Petrópolis, Jari, Foz do Jordão, Rio do Sul, Nova América da Colina, Tacuru, Flórida Paulista,,, Pitangueiras, Coromandel, Flores de Goiás, Campo Verde, Vilhena,,,, Santanópolis, Santa Luzia do Paruá,
 Nova Santa Rita, Jóia, General Carneiro, Rio dos Cedros, Nova Aurora, Taquarussu , Gabriel Monteiro,,, Planalto, Coronel Fabriciano, Formosa, Chapada dos Guimarães, Acrelândia,,,, Teodoro Sampaio, Santa Quitéria do Maranhão,
 Novo Cabrais, Júlio de Castilhos, Goioxim, Rio Fortuna, Nova Cantu,, Gália,,, Poloni, Coronel Pacheco, Gameleira de Goiás, Cuiabá, Assis Brasil,,,, Terra Nova, Santa Rita,
 Novo Hamburgo, Lagoa dos Três Cantos, Guamiranga, Rodeio, Nova Fátima,, Garça,,, Pontal, Coronel Xavier Chaves, Goianápolis, Curvelândia, Brasiléia,,,, Açailândia, Santana do Maranhão,
 Osório, Lagoão, Guarapuava, Salete, Nova Santa Bárbara,, Gavião Peixoto,,, Pontalinda, Córrego Danta, Goiânia, Denise, Bujari,,,, Alto Parnaíba, Santo Amaro do Maranhão,
 Palmares do Sul, Lajeado do Bugre, Guaraqueçaba, Salto Veloso, Nova Santa Rosa,, Getulina,,, Pontes Gestal, Córrego Fundo, Guarani de Goiás, Dom Aquino, Capixaba,,,, Amarante do Maranhão, Santo Antônio dos Lopes,
 Pantano Grande, Liberato Salzano, Guaratuba, Sangão, Nova Tebas,, Glicério,,, Populina, Córrego Novo, Hidrolândia, Figueirópolis D'Oeste, Cruzeiro do Sul,,,, Arame, São Benedito do Rio Preto,
 Paraíso do Sul, Marau, Imbaú, Santa Rosa de Lima, Novo Itacolomi,, Guaiçara,,, Potirendaba, Cristais, Iaciara, General Carneiro, Epitaciolândia,,,, Bacabal, São Bento,
 Pareci Novo, Marcelino Ramos, Imbituva, Santa Rosa do Sul, Ouro Verde do Oeste,, Guaimbê,,, Restinga, Cristiano Otoni, Leopoldo de Bulhões, Glória D'Oeste, Feijó,,,, Balsas, São Bernardo,
 Parobé, Mariano Moro, Inácio Martins, Santo Amaro da Imperatriz, Paiçandu,, Guaraçaí,,, Ribeirão Corrente, Crucilândia, Luziânia, Guiratinga, Jordão,,,, Barão do Grajaú, São João Batista,
 Passa Sete, Marques de Souza, Ipiranga, São Bonifácio, Palmital,, Guarantã,,, Ribeirão Preto, Cruzeiro da Fortaleza, Mambaí, Indiavaí, Mâncio Lima,,,, Barra do Corda, São João do Carú,
 Passo do Sobrado, Mato Castelhano, Irati, São Francisco do Sul, Palotina,, Guararapes,,, Rifaina, Curvelo, Mimoso de Goiás, Itiquira, Manoel Urbano,,,, Benedito Leite, São João do Soter,
 Paverama, Mato Queimado, Itaperuçu, São João Batista, Pato Bragado,, Guararema,,, Riolândia, Delta, Monte Alegre de Goiás, Jaciara, Marechal Thaumaturgo,,,, Buritirana, São José de Ribamar,
 Pedras Altas, Miraguaí, Ivaí, São João do Itaperiú, Peabiru,, Guaratinguetá,,, Rubinéia, Descoberto, Nerópolis, Jangada, Plácido de Castro,,,, Campestre do Maranhão, São Luís,
 Pedro Osório, Montauri, Jaguariaíva, São João do Sul, Pinhalão,, Guareí,,, Sales, Desterro de Entre Rios, Nova Roma, Jauru, Porto Acre,,,, Cajapio, São Luís Gonzaga do Maranhão,
 Pelotas, Mormaço, Lapa, São José, Pitanga,, Guariba,,, Sales Oliveira, Desterro do Melo, Novo Gama, Juscimeira, Porto Walter,,,, Carolina, São Raimundo do Doca Bezerra,
 Picada Café, Muçum, Mallet, São Ludgero, Pitangueiras,, Guatapará,,, Santa Adélia, Diogo de Vasconcelos, Orizona, Lambari D'Oeste, Rio Branco,,,, Cidelândia, São Roberto,
 Pinheiro Machado, Não-Me-Toque, Mandirituba, São Martinho, Porecatu,, Herculândia,,, Santa Albertina, Dionísio, Padre Bernardo, Mirassol D'Oeste, Rodrigues Alves,,,, Colinas, São Vicente Ferrer,
 Piratini, Nicolau Vergueiro, Matinhos, São Pedro de Alcântara, Prado Ferreira,, Holambra,,, Santa Clara D'Oeste, Divinésia, Planaltina, Nortelândia, Santa Rosa do Purus,,,, Davinópolis, Satubinha,
 Poço das Antas, Nonoai, Morretes, Schroeder, Primeiro de Maio,, Hortolândia,,, Santa Cruz da Esperança, Divino, Posse, Nossa Senhora do Livramento, Sena Madureira,,,, Dom Pedro, Serrano do Maranhão,
 Portão, Nova Alvorada, Ortigueira, Siderópolis, Quarto Centenário,, Iacanga,,, Santa Fé do Sul, Divinolândia de Minas, Santo Antônio do Descoberto, Nova Marilândia, Senador Guiomard,,,, Estreito, Timbiras,
 Porto Alegre, Nova Boa Vista, Palmas, Sombrio, Quatiguá,, Iacri,,, Santa Rita D'Oeste, Divinópolis, São Domingos, Pedra Preta, Taranacá,,,, Feira Nova do Maranhão, Timon,
 Presidente Lucena, Nova Bréscia, Palmeira, Taió, Quatro Pontes,, Iaras,,, Santa Rosa de Viterbo, Dom Cavati, São João D'Aliança, Poconé, Xapuri ,,,, Fernando Falcão, Trizidela do Vale,
 Quaraí, Nova Candelária, Paranaguá, Tangará, Quinta do Sol,, Ibaté,,, Santa Salete, Dom Joaquim, São Miguel do Passa Quatro, Pontal do Araguaia,,,,, Formosa da Serra Negra, Tufilândia,
 Restinga Seca, Nova Ramada, Paula Freitas, Tijucas, Ramilândia,, Ibitinga,,, Santana da Ponte Pensa, Dom Silvério, Senador Canedo, Ponte Branca,,,,, Fortaleza dos Nogueiras, Turiaçu,
 Rio Pardo, Novo Barreiro, Paulo Frontin, Timbé do Sul, Rancho Alegre,, Igaraçu do Tietê,,, Santo Antônio da Alegria, Dona Eusébia, Silvânia, Pontes e Lacerda,,,,, Fortuna, Turilândia,
 Riozinho, Novo Machado, Piên, Timbó, Rancho Alegre D'Oeste,, Igaratá,,, São Francisco, Dores de Campos, Simolândia, Porto Espiridião,,,,, Gonçalves Dias, Tutóia,
 Rolante, Novo Tiradentes, Pinhais, Treviso, Ribeirão Claro,, Ilha Solteira,,, São João das Duas Pontes, Dores de Guanhães, Sítio D'Abadia, Porto Estrela,,,,, Governador Archer, Urbano Santos,
 Rosário do Sul, Novo Xingu, Pinhão, Treze de Maio, Ribeirão do Pinhal,, Indaiatuba,,, São João de Iracema, Dores do Indaiá, Teresina de Goiás, Poxoréo,,,,, Governador Édison Lobão, Vargem Grande,
 Salvador do Sul, Palmeira das Missões, Piraí do Sul, Treze Tílias, Rio Bom,, Indiana,,, São Joaquim da Barra, Dores do Turvo, Terezópolis de Goiás, Primavera do Leste,,,,, Governador Eugênio Barros, Viana,
 Santa Clara do Sul, Palmitinho, Piraquara, Trombudo Central, Rio Branco do Ivaí,, Inúbia Paulista,,, São José da Bela Vista, Doresópolis, Valparaíso de Goiás, Reserva do Cabaçal,,,,, Governador Luiz Rocha, Vitória do Mearim,
 Santa Cruz do Sul, Panambi, Ponta Grossa, Tubarão, Rolândia,, Ipeúna,,, São José do Rio Preto, Douradoquara, Vianópolis, Ribeirãozinho,,,,, Graça Aranha, Vitorino Freire,
 Santa Margarida do Sul, Passo Fundo, Pontal do Paraná, Turvo, Roncador,, Iracemápolis,,, São Simão, Durandé, Vila Boa , Rio Branco,,,,, Grajaú, Zé Doca,
 Santa Maria, Paulo Bento, Porto Amazonas, Urussanga, Rosário do Ivaí,, Irapuru,,, Sebastianópolis do Sul, Engenheiro Caldas,, Rondonópolis,,,,, Imperatriz, Abel Figueiredo,
 Santa Maria do Herval, Pejuçara, Porto Vitória, Vidal Ramos, Sabáudia,, Itaí,,, Serra Azul, Entre Folhas,, Rosário Oeste,,,,, Itaipava do Grajaú, Altamira,
 Santana da Boa Vista, Pinhal, Prudentópolis, Videira, Salto do Itararé,, Itaju,,, Serrana, Entre Rios de Minas,, Salto do Céu,,,,, Itinga do Maranhão, Anapu,
 Santana do Livramento, Pinhal Grande, Quatro Barras, Vitor Meireles, Santa Amélia,, Itapira,,, Sertãozinho, Ervália,, Santo Afonso,,,,, Jatobá, Aveiro,
 Santo Antônio da Patrulha, Pinheirinho do Vale, Quitandinha,  Witmarsum , Santa Cecília do Pavão,, Itápolis,,, Severínia, Esmeraldas,, Santo Antônio de Leverger,,,,, Jenipapo dos Vieiras, Belterra,
 São Borja, Pirapó, Rebouças,, Santa Helena,, Itaporanga,,, Tabapuã, Espera Feliz,, São José do Povo,,,,, João Lisboa, Bom Jesus do Tocantins,
 São Francisco de Assis, Planalto, Reserva,, Santa Lúcia,, Itapuí,,, Taiaçu, Estrela Dalva,, São José dos Quatro Marcos,,,,, Joselândia, Brasil Novo,
 São Gabriel, Pontão, Reserva do Iguaçu,, Santa Mariana,, Itapura,,, Taiúva, Estrela do Indaiá,, São Pedro da Cipa,,,,, Lagoa do Mato, Dom Eliseu,
 São Jerônimo, Ponte Preta, Rio Azul,, Santa Tereza do Oeste,, Itatiba,,, Tanabi, Estrela do Sul,, Tesouro,,,,, Lajeado Novo, Goianésia do Pará,
 São João do Polêsine, Porto Lucena, Rio Branco do Sul,, Santa Terezinha de Itaipu,, Itatinga,,, Taquaral, Eugenópolis,, Torixoréu,,,,, Loreto, Itaituba,
 São José do Hortêncio, Porto Mauá, Rio Negro,, Santana do Itararé,, Itirapina,,, Terra Roxa, Ewbank da Câmara,, Vale de São Domingos,,,,, Mirador, Jacareacanga,
 São José do Sul, Porto Vera Cruz, Santa Maria do Oeste,, Santo Antônio da Platina,, Itobi,,, Três Fronteiras, Faria Lemos,, Várzea Grande ,,,,, Montes Altos, Jacundá,
 São Leopoldo, Porto Xavier, São João do Triunfo,, Santo Antônio do Paraíso,, Itu,,, Turmalina, Felixlândia,,,,,,, Nova Colinas, Juruti,
 São Lourenço do Sul, Pouso Novo, São José dos Pinhais,, São Jerônimo da Serra,, Itupeva,,, Ubarana, Fernandes Tourinho,,,,,,, Nova Iorque, Medicilândia,
 São Martinho da Serra, Progresso, São Mateus do Sul,, São João do Ivaí,, Jacareí,,, Uchoa, Ferros,,,,,,, Paraibano, Nova Ipixuna,
 São Pedro da Serra, Putinga, Sengés,, São José da Boa Vista,, Jaguariúna,,, União Paulista, Fervedouro,,,,,,, Passagem Franca, Novo Progresso,
 São Pedro do Sul, Quatro Irmãos, Teixeira Soares,, São José das Palmeiras,, Jambeiro,,, Urânia, Florestal,,,,,,, Pastos Bons, Paragominas,
 São Sebastião do Caí, Quevedos, Telêmaco Borba,, São Miguel do Iguaçu,, Jarinu,,, Urupês, Formiga,,,,,,, Porto Franco, Placas,
 São Sepé, Quinze de Novembro, Tibagi,, São Pedro do Iguaçu,, Jaú,,, Valentim Gentil, Fortuna de Minas,,,,,,, Presidente Dutra, Porto de Moz,
 São Vendelino, Redentora, Tijucas do Sul,, São Pedro do Ivaí,, João Ramalho,,, Viradouro, Franciscopolis,,,,,,, Riachão, Prainha,
 São Vicente do Sul, Relvado, Tunas do Paraná,, São Sebastião da Amoreira,, Júlio Mesquita,,, Vista Alegre do Alto, Frei Lagonegro,,,,,,, Ribamar Fiquene, Rondon do Pará,
 Sapiranga, Rio dos Índios, Turvo,, Sapopema,, Jumirim,,, Vitória Brasil, Funilândia,,,,,,, Sambaíba, Rurópolis,
 Sapucaia do Sul, Roca Sales, União da Vitória,, Sarandi,, Jundiaí,,, Votuporanga, Goianá,,,,,,, Santa Filomena do Maranhão, Santarém,
 Sentinela do Sul, Rodeio Bonito, Ventania,, Serranópolis do Iguaçu,, Junqueirópolis,,, Zacarias, Gonzaga,,,,,,, São Domingos do Azeitão, Senador José Porfírio,
 Sério, Rolador, Apiaí,, Sertaneja,, Lagoinha,,, Água Comprida, Governador Valadares,,,,,,, São Domingos do Maranhão, Trairão,
 Sertão Santana, Ronda Alta, Alambari,, Sertanópolis,, Laranjal Paulista,,, Aiuruoca, Grupiara,,,,,,, São Félix de Balsas, Ulianópolis,
 Silveira Martins, Rondinha, Araçoiaba da Serra,, Siqueira Campos,, Lavínia,,, Alagoa, Guanhães,,,,,,, São Francisco do Brejão, Uruará,
 Sinimbu, Roque Gonzales, Bom Sucesso de Itararé,, Tamarana,, Lavrinhas,,, Albertina, Guaraciaba,,,,,,, São Francisco do Maranhão, Vitória do Xingu ,
 Sobradinho, Sagrada Família, Buri,, Terra Boa,, Leme,,, Alfenas, Guarani,,,,,,, São João do Paraíso,,
 Tabaí, Saldanha Marinho, Campina do Monte Alegre,, Terra Roxa,, Lençóis Paulista,,, Alpinópolis, Guarará,,,,,,, São João dos Patos,,
 Tapes, Salto do Jacuí, Capão Bonito,, Toledo,, Limeira,,, Alterosa, Guidoval,,,,,,, São José dos Basílios,,
 Taquara, Salvador das Missões, Capela do Alto,, Tomazina,, Lindóia,,, Andradas, Guimarânia,,,,,,, São Mateus do Maranhão,,
 Taquari, Santa Bárbara do Sul, Guapiara,, Três Barras do Paraná,, Lins,,, Andrelândia, Guiricema,,,,,,, São Pedro da Água Branca,,
 Tavarés, Santa Cecília do Sul, Iperó,, Tupãssi,, Lorena,,, Arantina, Gurinhatã,,,,,,, São Pedro dos Crentes,,
 Terra de Areia, Santa Rosa, Itaberá,, Ubiratã,, Lourdes,,, Araporã, Iapu,,,,,,, São Raimundo das Mangabeiras,,
 Teutônia, Santiago, Itapetininga,, Uraí,, Louveira,,, Arceburgo, Ibertioga,,,,,,, Senador Alexandre Costa,,
 Toropi, Santo Ângelo, Itapeva,, Vera Cruz do Oeste,, Lucélia,,, Areado, Ibiá,,,,,,, Senador La Rocque,,
 Torres, Santo Antônio das Missões, Itapirapuã Paulista,, Wenceslau Braz,, Lucianópolis,,, Baependi, Ibirité,,,,,,, Sítio Novo,,
 Tramandaí, Santo Antônio do Palma, Itararé,, Cândido Mota,, Luís Antônio,,, Bandeira do Sul, Ibituruna,,,,,,, Sucupira do Norte,,
 Três Cachoeiras, Santo Antônio do Planalto, Nova Campina,, Canitar,, Luiziânia,,, Boa Esperança, Igarapé,,,,,,, Sucupira do Riachão,,
 Três Coroas, Santo Augusto, Pilar do Sul,, Chavantes,, Lupércio,,, Bocaina de Minas, Igaratinga,,,,,,, Tasso Fragoso,,
 Três Forquilhas, Santo Cristo, Ribeira,, Cruzália,, Lutécia,,, Bom Jardim de Minas, Iguatama,,,,,,, Tuntum,,
 Triunfo, São Domingos do Sul, Ribeirão Branco,, Fartura,, Macatuba,,, Bom Jesus da Penha, Ijaci,,,,,,, Vila Nova dos Martírios,,
 Tupandi, São José das Missões, Ribeirão Grande,, Florínia,, Mairinque,,, Bom Repouso, Imbé de Minas,,,,,,, Água Azul do Norte,,
 Turuçu, São José do Herval, Salto de Pirapora,, Ibirarema,, Manduri,,, Borda da Mata, Indianópolis,,,,,,, Bannach,,
 Uruguaiana, São José do Inhacorá, São Miguel Arcanjo,, Iepê,, Marabá Paulista,,, Botelhos, Ingaí,,,,,,, Brejo Grande do Araguaia,,
 Vale do Sol, São Luiz Gonzaga, Sarapuí ,, Ipaussu,, Mariápolis,,, Brasópolis, Inhapim,,,,,,, Canaã dos Carajás,,
 Vale Real, São Martinho,Taquarivaí ,, Maracaí,, Marília,,, Bueno Brandão, Inhaúma,,,,,,, Conceição do Araguaia,,
 Vale Verde, São Miguel das Missões,,, Ourinhos,, Martinópolis,,, Cabo Verde, Inimutaba,,,,,,, Curionópolis,,
 Venâncio Aires, São Nicolau,,, Palmital,, Matão,,, Cachoeira de Minas, Ipaba,,,,,,, Eldorado dos Carajás,,
 Vera Cruz, São Paulo das Missões,,, Pedrinhas Paulista,, Mineiros do Tietê,,, Cachoeira Dourada, Ipanema,,,,,,, Floresta do Araguaia,,
 Viamão, São Pedro das Missões,,, Salto Grande,, Mirandópolis,,, Caldas, Ipatinga,,,,,,, Marabá,,
 Vila Nova do Sul, São Pedro do Butiá,,, Tarumã,, Mococa,,, Camanducaia, Iraí de Minas,,,,,,, Palestina do Pará,,
 Westfalia, São Valentim,,, Timburi ,, Mogi Guaçu,,, Cambuí, Itabira,,,,,,, Parauapebas,,
 Xangri-Lá., São Valentim do Sul,,,,, Moji Mirim,,, Cambuquira, Itabirito,,,,,,, Pau D'Arco,,
, São Valério do Sul,,,,, Mombuca,,, Campanha, Itaguara,,,,,,, Piçarra,,
, Sarandi,,,,, Monte Alegre do Sul,,, Campestre, Itamarati de Minas,,,,,,, Redenção,,
, Seberi,,,,, Monte Castelo,,, Campo do Meio, Itambé do Mato Dentro,,,,,,, Rio Maria,,
, Sede Nova,,,,, Monte Mor,,, Campos Gerais, Itapecerica,,,,,,, Santa Maria das Barreiras,,
, Segredo,,,,, Monteiro Lobato,,, Canápolis, Itatiaiuçu,,,,,,, São Domingos do Araguaia,,
, Selbach,,,,, Morungaba,,, Capetinga, Itaúna,,,,,,, São Geraldo do Araguaia,,
, Senador Salgado Filho,,,,, Motuca,,, Capinópolis, Itaverava,,,,,,, São João do Araguaia,,
, Serafina Corrêa,,,,, Murutinga do Sul,,, Capitólio, Ituiutaba,,,,,,, Sapucaia,,
, Sertão,,,,, Nantes,,, Careaçu, Itumirim,,,,,,, Xinguara,,
, Sete de Setembro,,,,, Natividade da Serra,,, Carmo da Cachoeira, Itutinga,,,,,,, Agricolândia,,
, Severiano de Almeida,,,,, Nova Europa,,, Carmo de Minas, Jaboticatubas,,,,,,, Água Branca,,
, Soledade,,,,, Nova Guataporanga,,, Carmo do Rio Claro, Jaguaraçu,,,,,,, Alagoinha do Piauí,,
, Tapejara,,,,, Nova Independência,,, Carneirinho, Japaraíba,,,,,,, Alegrete do Piauí,,
, Tapera,,,,, Nova Odessa,,, Carvalhópolis, Jeceaba,,,,,,, Alto Longa,,
, Taquaruçu do Sul,,,,, Ocauçu,,, Carvalhos, Jequeri,,,,,,, Altos,,
, Tenente Portela,,,,, Óleo,,, Cássia, Jequitibá,,,,,,, Alvorada do Gurguéia,,
, Tio Hugo,,,,, Oriente,,, Caxambu, Joanésia,,,,,,, Amarante,,
, Tiradentes do Sul,,,,, Oscar Bressane,,, Centralina, João Monlevade,,,,,,, Angical do Piauí,,
, Travesseiro,,,,, Osvaldo Cruz,,, Claraval, Joaquim Felício,,,,,,, Antônio Almeida,,
, Três Arroios,,,,, Ouro Verde,,, Conceição da Aparecida, José Raydan,,,,,,, Antônio Almeida,,
, Três de Maio,,,,, Pacaembu,,, Conceição das Alagoas, Juatuba,,,,,,, Aroazes,,
, Três Palmeiras,,,,, Panorama,,, Conceição das Pedras, Juiz de Fora,,,,,,, Arraial,,
, Três Passos,,,,, Paraguaçu Paulista,,, Conceição do Rio Verde, Lagoa da Prata,,,,,,, Assunção do Piauí,,
, Trindade do Sul,,,,, Paranapanema,,, Conceição dos Ouros, Lagoa Dourada,,,,,,, Avelino Lopes,,
, Tucunduva,,,,, Parapuã,,, Congonhal, Lagoa Formosa,,,,,,, Baixa Grande do Ribeiro,,
, Tunas,,,,, Pardinho,,, Consolação, Lagoa Santa,,,,,,, Barra D'Alcântara,,
, Tupanciretã,,,,, Paulicéia,,, Coqueiral, Lajinha,,,,,,, Barras,,
, Tuparendi,,,,, Paulínia,,, Cordislândia, Lamim,,,,,,, Barreiras do Piauí,,
, Ubiretama,,,,, Paulistânia,,, Córrego do Bom Jesus, Laranjal,,,,,,, Barro Duro,,
, União da Serra,,,,, Pederneiras,,, Cristina, Lavras,,,,,,, Batalha,,
, Unistalda,,,,, Pedreira,,, Cruzília, Leandro Ferreira,,,,,,, Belém do Piauí,,
, Vanini,,,,, Penápolis,,, Delfim Moreira, Leopoldina,,,,,,, Beneditinos,,
, Vespasiano Correa,,,,, Pereira Barreto,,, Delfinópolis, Lima Duarte,,,,,,, Bertolínia,,
, Viadutos,,,,, Pereiras,,, Divisa Nova, Luisburgo,,,,,,, Betânia do Piauí,,
, Vicente Dutra,,,,, Piacatu,,, Dom Viçoso, Luminárias,,,,,,, Boa Hora,,
, Victor Graeff,,,,, Piedade,,, Elói Mendes, Luz,,,,,,, Bocaina,,
, Vila Lângaro,,,,, Pindamonhangaba,,, Espírito Santo do Dourado, Madre de Deus de Minas,,,,,,, Bom Jesus,,
, Vila Maria,,,,, Pinhalzinho,,, Estiva, Manhuaçu,,,,,,, Bom Princípio do Piauí,,
, Vista Alegre,,,,, Piquerobi,,, Extrema, Manhumirim,,,,,,, Boqueirão do Piauí,,
, Vista Gaúcha,,,,, Piquete,,, Fama, Mar de Espanha,,,,,,, Brasileira,,
, Vitória das Missões,,,,, Piracicaba,,, Fortaleza de Minas, Maravilhas,,,,,,, Buriti dos Lopes,,
, Abdon Batista,,,,, Piraju,,, Fronteira, Mariana,,,,,,, Buriti dos Montes,,
, Abelardo Luz,,,,, Pirajuí,,, Frutal, Mário Campos,,,,,,, Cabeceiras do Piauí,,
, Águas de Chapecó,,,,, Pirapora do Bom Jesus,,, Gonçalves, Maripá de Minas,,,,,,, Cajazeiras do Piauí,,
, Águas Frias,,,,, Pirassununga,,, Guapé, Marliéria,,,,,,, Cajueiro da Praia,,
, Alto Bela Vista,,,,, Piratininga,,, Guaranésia, Martinho Campos,,,,,,, Caldeirão Grande do Piauí,,
, Anchieta,,,,, Platina,,, Guaxupé, Martins Soares,,,,,,, Campinas do Piauí,,
, Anita Garibaldi,,,,, Pompéia,,, Heliodora, Materlândia,,,,,,, Campo Largo do Piauí,,
, Arabutã,,,,, Pongaí,,, Ibiraci, Mateus Leme,,,,,,, Campo Maior,,
, Arvoredo,,,,, Porangaba,,, Ibitiúra de Minas, Matias Barbosa,,,,,,, Canavieira,,
, Bandeirante,,,,, Porto Feliz,,, Ilicínea, Matipó,,,,,,, Canto do Buriti,,
, Barra Bonita,,,,, Porto Ferreira,,, Inconfidentes, Matozinhos,,,,,,, Capitão de Campos,,
, Bela Vista do Toldo,,,,, Potim,,, Ipiaçu, Matutina,,,,,,, Caraúbas do Piauí,,
, Belmonte,,,,, Pracinha,,, Ipuiúna, Medeiros,,,,,,, Caridade do Piauí,,
, Bom Jesus,,,,, Pradópolis,,, Itajubá, Mercês,,,,,,, Castelo do Piauí,,
, Bom Jesus do Oeste,,,,, Pratânia,,, Itamogi, Mesquita,,,,,,, Caxingó,,
, Caibi,,,,, Presidente Alves,,, Itamonte, Miradouro,,,,,,, Cocal,,
, Calmon,,,,, Presidente Bernardes,,, Itanhandu, Miraí,,,,,,, Cocal de Telha,,
, Campo Erê,,,,, Presidente Epitácio,,, Itapagipe, Moeda,,,,,,, Cocal dos Alves,,
, Campos Novos,,,,, Presidente Prudente,,, Itapeva, Moema,,,,,,, Coivaras,,
, Canoinhas,,,,, Presidente Venceslau,,, Itaú de Minas, Monjolos,,,,,,, Colônia do Gurguéia,,
, Capinzal,,,,, Promissão,,, Iturama, Monte Alegre de Minas,,,,,,, Colônia do Piauí,,
, Caxambu do Sul,,,,, Quadra,,, Jacuí, Monte Carmelo,,,,,,, Corrente,,
, Celso Ramos,,,,, Quatá,,, Jacutinga, Morada Nova de Minas,,,,,,, Cristino Castro,,
, Chapecó,,,,, Queiroz,,, Jesuânia, Morro da Garça,,,,,,, Cristolândia do Piauí,,
, Concórdia,,,,, Queluz,,, Juruaia, Morro do Pilar,,,,,,, Curimatá,,
, Cordilheira Alta,,,,, Quintana,,, Lambari, Muriaé,,,,,,, Currais,,
, Coronel Freitas,,,,, Rafard,,, Liberdade, Mutum,,,,,,, Curral Novo do Piauí,,
, Coronel Martins,,,,, Rancharia,,, Limeira do Oeste, Nacip Raydan,,,,,,, Curralinhos,,
, Cunha Porã,,,,, Redenção da Serra,,, Machado, Naque,,,,,,, Demerval Lobão,,
, Cunhataí,,,,, Regente Feijó,,, Maria da Fé, Nazareno,,,,,,, Dom Expedito Lopes,,
, Descanso,,,,, Reginópolis,,, Marmelópolis, Nepomuceno,,,,,,, Domingos Mourão,,
, Dionísio Cerqueira,,,,, Ribeirão Bonito,,, Minduri, Nova Era,,,,,,, Elesbão Veloso,,
, Entre Rios,,,,, Ribeirão do Sul,,, Monsenhor Paulo, Nova Lima,,,,,,, Eliseu Martins,,
, Erval Velho,,,,, Ribeirão dos Índios,,, Monte Belo, Nova Ponte,,,,,,, Esperantina,,
, Faxinal dos Guedes,,,,, Rincão,,, Monte Santo de Minas, Nova Serrana,,,,,,, Flores do Piauí,,
, Flor do Sertão,,,,, Rinópolis,,, Monte Sião, Nova União,,,,,,, Floriano,,
, Formosa do Sul,,,,, Rio Claro,,, Munhoz, Olaria,,,,,,, Francinópolis,,
, Galvão,,,,, Rio das Pedras,,, Muzambinho, Oliveira,,,,,,, Francisco Ayres,,
, Guaraciaba,,,,, Riversul,,, Natércia, Oliveira Fortes,,,,,,, Francisco Macedo,,
, Guarujá do Sul,,,,, Roseira,,, Nova Resende, Onça de Pitangui,,,,,,, Gilbués,,
, Guatambú,,,,, Rubiácea,,, Olímpio Noronha, Oratórios,,,,,,, Guadalupe,,
, Ipira,,,,, Sabino,,, Ouro Fino, Orizânia,,,,,,, Guaribas,,
, Iporã do Oeste,,,,, Sagres,,, Paraguaçu, Ouro Branco,,,,,,, Hugo Napoleão,,
, Ipuaçu,,,,, Salmourão,,, Paraisópolis, Ouro Preto,,,,,,, Ilha Grande,,
, Ipumirim,,,,, Saltinho,,, Passa Quatro, Paineiras,,,,,,, Inhuma,,
, Iraceminha,,,,, Salto,,, Passa-Vinte, Pains,,,,,,, Ipiranga do Piauí,,
, Irati,,,,, Santa Bárbara d'Oeste,,, Passos, Paiva,,,,,,, Itaueira,,
, Irineópolis,,,,, Santa Branca,,, Pedralva, Palma,,,,,,, Jacobina do Piauí,,
, Itá,,,,, Santa Cruz da Conceição,,, Pirajuba, Papagaios,,,,,,, Jardim do Mulato,,
, Itaiópolis,,,,, Santa Cruz das Palmeiras,,, Piranguçu, Pará de Minas,,,,,,, Jatobá do Piauí,,
, Itapiranga,,,,, Santa Cruz do Rio Pardo,,, Piranguinho, Paraopeba,,,,,,, Jerumenha,,
, Jaborá,,,,, Santa Ernestina,,, Planura, Passa Tempo,,,,,,, Joaquim Pires,,
, Jardinópolis,,,,, Santa Gertrudes,,, Poço Fundo, Passabém,,,,,,, Joca Marques,,
, Jupiá,,,,, Santa Isabel,,, Poços de Caldas, Patos de Minas,,,,,,, José de Freitas,,
, Lacerdópolis,,,,, Santa Lúcia,,, Pouso Alegre, Patrocínio,,,,,,, Juazeiro do Piauí,,
, Lajeado Grande,,,,, Santa Maria da Serra,,, Pouso Alto, Patrocínio do Muriaé,,,,,,, Júlio Borges,,
, Lindóia do Sul,,,,, Santa Mercedes,,, Pratápolis, Paula Cândido,,,,,,, Lagoa Alegre,,
, Mafra,,,,, Santa Rita do Passa Quatro,,, Santa Rita de Caldas, Paulistas,,,,,,, Lagoa de São Francisco,,
, Major Vieira,,,,, Santo Anastácio,,, Santa Rita do Sapucaí, Peçanha,,,,,,, Lagoa do Piauí,,
, Maravilha,,,,, Santo Antônio de Posse,,, Santa Vitória, Pedra Bonita,,,,,,, Lagoa do Sítio,,
, Marema,,,,, Santo Antônio do Aracanguá,,, Santana da Vargem, Pedra do Anta,,,,,,, Lagoinha do Piauí,,
, Matos Costa,,,,, Santo Antônio do Jardim,,, São Bento Abade, Pedra do Indaiá,,,,,,, Landri Sales,,
, Modelo,,,,, Santo Expedito,,, São Francisco de Sales, Pedra Dourada,,,,,,, Luís Correia,,
, Mondaí,,,,, Santópolis do Aguapeí,,, São Gonçalo do Sapucaí, Pedrinópolis,,,,,,, Luzilândia,,
, Monte Castelo,,,,, São Carlos,,, São João Batista do Glória, Pedro Leopoldo,,,,,,, Madeiro,,
, Nova Erechim,,,,, São João da Boa Vista,,, São João da Mata, Pedro Teixeira,,,,,,, Manoel Emídio,,
, Nova Itaberaba,,,,, São João do Pau D'Alho,,, São José da Barra, Pequeri,,,,,,, Marcolândia,,
, Novo Horizonte,,,,, São José do Barreiro,,, São José do Alegre, Pequi,,,,,,, Marcos Parente,,
, Ouro,,,,, São José do Rio Pardo,,, São Lourenço, Perdigão,,,,,,, Matias Olímpio,,
, Ouro Verde,,,,, São José dos Campos,,, São Pedro da União, Perdizes,,,,,,, Miguel Alves,,
, Paial,,,,, São Luís do Paraitinga,,, São Sebastião da Bela Vista, Perdões,,,,,,, Miguel Leão,,
, Palma Sola,,,,, São Manuel,,, São Sebastião do Paraíso, Periquito,,,,,,, Milton Brandão,,
, Palmitos,,,,, São Pedro,,, São Sebastião do Rio Verde, Piau,,,,,,, Monsenhor Gil,,
, Papanduva,,,,, São Pedro do Turvo,,, São Thomé das Letras, Piedade de Caratinga,,,,,,, Monte Alegre do Piauí,,
, Paraíso,,,,, São Roque,,, São Tomás de Aquino, Piedade de Ponte Nova,,,,,,, Morro Cabeça do Tempo,,
, Peritiba,,,,, São Sebastião do Grama,,, São Vicente de Minas, Piedade do Rio Grande,,,,,,, Morro do Chapéu do Piauí,,
, Pinhalzinho,,,,, Sarutaiá,,, Sapucaí-Mirim, Piedade dos Gerais,,,,,,, Murici dos Portelas,,
, Piratuba,,,,, Serra Negra,,, Senador Amaral, Pimenta,,,,,,, Nazaré do Piauí,,
, Planalto Alegre,,,,, Silveiras,,, Senador José Bento, Pingo-d'Água,,,,,,, Nazária,,
, Porto União,,,,, Socorro,,, Seritinga, Piracema,,,,,,, Nossa Senhora de Nazaré,,
, Presidente Castelo Branco,,,,, Sorocaba,,, Serrania, Piranga,,,,,,, Nossa Senhora dos Remédios,,
, Princesa,,,,, Sud Mennucci,,, Serranos, Pirapetinga,,,,,,, Novo Oriente do Piauí,,
, Quilombo,,,,, Sumaré,,, Silvianópolis, Piraúba,,,,,,, Novo Santo Antônio,,
, Rio Negrinho,,,,, Suzanápolis,,, Soledade de Minas, Pitangui,,,,,,, Oeiras,,
, Riqueza,,,,, Tabatinga,,, Tocos do Moji, Piumhi,,,,,,, Olho D'Água do Piauí,,
, Romelândia,,,,, Taciba,,, Toledo, Pocrane,,,,,,, Padre Marcos,,
, Saltinho,,,,, Taguaí,,, Três Corações, Pompéu,,,,,,, Paes Landim,,
, Santa Helena,,,,, Tambaú,,, Três Pontas, Ponte Nova,,,,,,, Palmeira do Piauí,,
, Santa Terezinha,,,,, Tapiratiba,,, Turvolândia, Porto Firme,,,,,,, Palmeirais,,
, Santa Terezinha do Progresso,,,,, Taquaritinga,,, União de Minas, Prados,,,,,,, Paquetá,,
, Santiago do Sul,,,,, Taquarituba,,, Varginha, Prata,,,,,,, Parnaguá,,
, São Bento do Sul,,,,, Tatuí,,, Virgínia, Pratinha,,,,,,, Parnaíba,,
, São Bernardino,,,,, Taubaté,,, Wenceslau Braz, Presidente Bernardes,,,,,,, Passagem Franca do Piauí,,
, São Carlos,,,,, Tejupá,,, Acreúna, Presidente Juscelino,,,,,,, Pau D’Arco do Piauí,,
, São Domingos,,,,, Tietê,,, Bom Jesus de Goiás, Prudente de Morais,,,,,,, Pavussu,,
, São João do Oeste,,,,, Torre de Pedra,,, Cachoeira Dourada, Quartel Geral,,,,,,, Pedro II,,
, São José do Cedro,,,,, Torrinha,,, Castelândia, Queluzito,,,,,,, Pimenteiras,,
, São Lourenço do Oeste,,,,, Trabiju,,, Edealina, Raposos,,,,,,, Pio IX,,
, São Miguel da Boa Vista,,,,, Tremembé,,, Edéia, Raul Soares,,,,,,, Piracuruca,,
, São Miguel do Oeste,,,,, Tuiuti,,, Goiatuba, Recreio,,,,,,, Piripiri,,
, Saudades,,,,, Tupã,,, Gouvelândia, Reduto,,,,,,, Porto,,
, Seara,,,,, Tupi Paulista,,, Inaciolândia, Resende Costa,,,,,,, Porto Alegre do Piauí,,
, Serra Alta,,,,, Turiúba,,, Itumbiara, Ressaquinha,,,,,,, Prata do Piauí,,
, Sul Brasil,,,,, Ubirajara,,, Maurilândia, Ribeirão das Neves,,,,,,, Redenção do Gurguéia,,
, Tigrinhos,,,,, Uru,,, Panamá, Ribeirão Vermelho,,,,,,, Regeneração,,
, Três Barras,,,,, Valinhos,,, Paranaiguara, Rio Acima,,,,,,, Riacho Frio,,
, Tunápolis,,,,, Valparaíso,,, Porteirão, Rio Casca,,,,,,, Ribeira do Piauí,,
, União do Oeste,,,,, Vargem Grande do Sul,,, Quirinópolis, Rio Doce,,,,,,, Ribeiro Gonçalves,,
, Vargeão,,,,, Várzea Paulista,,, Santa Helena de Goiás, Rio Espera,,,,,,, Santa Cruz do Piauí,,
, Vargem,,,,, Vera Cruz,,, Santo Antônio da Barra, Rio Manso,,,,,,, Santa Cruz dos Milagres,,
, Xanxerê,,,,, Vinhedo,,, São Simão, Rio Novo,,,,,,, Santa Filomena,,
, Xavantina,,,,, Votorantim ,,, Turvelândia, Rio Paranaíba,,,,,,, Santa Luz,,
, Xaxim,,,,,,,, Vicentinópolis , Rio Piracicaba,,,,,,, Santa Rosa do Piauí,,
, Zortéa,,,,,,,,, Rio Pomba,,,,,,, Santo Antônio dos Milagres,,
, Ampére,,,,,,,,, Rio Preto,,,,,,, São Félix do Piauí,,
, Barracão,,,,,,,,, Rio Vermelho,,,,,,, São Francisco do Piauí,,
, Bela Vista da Caroba,,,,,,,,, Ritápolis,,,,,,, São Gonçalo do Gurguéia,,
, Boa Esperança do Iguaçu,,,,,,,,, Rochedo de Minas,,,,,,, São Gonçalo do Piauí,,
, Bom Jesus do Sul,,,,,,,,, Rodeiro,,,,,,, São João da Canabrava,,
, Bom Sucesso do Sul,,,,,,,,, Romaria,,,,,,, São João da Fronteira,,
, Capanema,,,,,,,,, Rosário da Limeira,,,,,,, São João da Serra,,
, Chopinzinho,,,,,,,,, Sabará,,,,,,, São João da Varjota,,
,Clevelândia,,,,,,,,, Sabinópolis,,,,,,, São João do Arraial,,
, Coronel Vivida,,,,,,,,, Sacramento,,,,,,, São José do Divino,,
, Cruzeiro do Iguaçu,,,,,,,,, Santa Bárbara,,,,,,, São José do Peixe,,
, Dois Vizinhos,,,,,,,,, Santa Bárbara do Leste,,,,,,, São José do Piauí,,
, Enéas Marques,,,,,,,,, Santa Bárbara do Monte Verde,,,,,,, São Julião,,
, Espigão do Iguaçu,,,,,,,,, Santa Bárbara do Tugúrio,,,,,,, São Luís do Piauí,,
, Flor da Serra do Sul,,,,,,,,, Santa Cruz de Minas,,,,,,, São Miguel da Baixa Grande,,
, Francisco Beltrão,,,,,,,,, Santa Cruz do Escalvado,,,,,,, São Miguel do Tapuio,,
, Honório Serpa,,,,,,,,, Santa Efigênia de Minas,,,,,,, São Pedro do Piauí,,
, Itapejara D'Oeste,,,,,,,,, Santa Juliana,,,,,,, São Raimundo Nonato,,
, Laranjeiras do Sul,,,,,,,,, Santa Luzia,,,,,,, Sebastião Barros,,
, Manfrinópolis,,,,,,,,, Santa Margarida,,,,,,, Sebastião Leal,,
, Mangueirinha,,,,,,,,, Santa Maria de Itabira,,,,,,, Sigefredo Pacheco,,
, Mariópolis,,,,,,,,, Santa Maria do Suaçuí,,,,,,, Simões,,
, Marmeleiro,,,,,,,,, Santa Rita de Ibitipoca,,,,,,, Socorro do Piauí,,
, Marquinho,,,,,,,,, Santa Rita de Jacutinga,,,,,,, Tanque do Piauí,,
, Nova Esperança do Sudoeste,,,,,,,,, Santa Rita de Minas,,,,,,, Teresina,,
, Nova Laranjeiras,,,,,,,,, Santa Rosa da Serra,,,,,,, União,,
, Nova Prata do Iguaçu,,,,,,,,, Santana de Cataguases,,,,,,, Uruçuí,,
, Pato Branco,,,,,,,,, Santana de Pirapama,,,,,,, Valença do Piauí,,
, Pérola D'Oeste,,,,,,,,, Santana do Deserto,,,,,,, Várzea Grande,,
, Pinhal de São Bento,,,,,,,,, Santana do Garambéu,,,,,,, Vila Nova do Piauí,,
, Planalto,,,,,,,,, Santana do Jacaré,,,,,,, Wall Ferraz,,
, Porto Barreiro,,,,,,,,, Santana do Manhuaçu,,,,,,, Amparo de São Francisco,,
, Pranchita,,,,,,,,, Santana do Paraíso,,,,,,, Aquidabã,,
, Quedas do Iguaçu,,,,,,,,, Santana do Riacho,,,,,,, Aracaju,,
, Realeza,,,,,,,,, Santana dos Montes,,,,,,, Arauá,,
, Renascença,,,,,,,,, Santo Antônio do Amparo,,,,,,, Areia Branca,,
, Rio Bonito do Iguaçu,,,,,,,,, Santo Antônio do Aventureiro,,,,,,, Barra dos Coqueiros,,
, Salgado Filho,,,,,,,,, Santo Antônio do Grama,,,,,,, Boquim,,
, Salto do Lontra,,,,,,,,, Santo Antônio do Itambé,,,,,,, Brejo Grande,,
, Santa Izabel do Oeste,,,,,,,,, Santo Antônio do Monte,,,,,,, Campo do Brito,,
, Santo Antônio do Sudoeste,,,,,,,,, Santo Antônio do Rio Abaixo,,,,,,, Canhoba,,
, São João,,,,,,,,, Santo Hipólito,,,,,,, Capela,,
, São Jorge D'Oeste,,,,,,,,, Santos Dumont,,,,,,, Carira,,
, Saudade do Iguaçu,,,,,,,,, São Brás do Suaçuí,,,,,,, Carmópolis,,
, Sulina,,,,,,,,, São Domingos das Dores,,,,,,, Cedro de São João,,
, Verê,,,,,,,,, São Domingos do Prata,,,,,,, Cristinápolis,,
, Virmond,,,,,,,,, São Francisco de Paula,,,,,,, Cumbe,,
, Vitorino ,,,,,,,,, São Francisco do Glória,,,,,,, Divina Pastora,,
, Vitorino ,,,,,,,,, São Geraldo,,,,,,, Estância,,
,,,,,,,,,, São Geraldo da Piedade,,,,,,, Feira Nova,,
,,,,,,,,,, São Gonçalo do Pará,,,,,,, Frei Paulo,,
,,,,,,,,,, São Gonçalo do Rio Abaixo,,,,,,, Gararu,,
,,,,,,,,,, São Gotardo,,,,,,, General Maynard,,
,,,,,,,,,, São João del Rei,,,,,,, Gracho Cardoso,,
,,,,,,,,,, São João do Manhuaçu,,,,,,, Ilha das Flores,,
,,,,,,,,,, São João do Oriente,,,,,,, Indiaroba,,
,,,,,,,,,, São João Evangelista,,,,,,, Itabaiana,,
,,,,,,,,,, São João Nepomuceno,,,,,,, Itabaianinha,,
,,,,,,,,,, São Joaquim de Bicas,,,,,,, Itabi,,
,,,,,,,,,, São José da Lapa,,,,,,, Itaporanga d'Ajuda,,
,,,,,,,,,, São José da Safira,,,,,,, Japaratuba,,
,,,,,,,,,, São José da Varginha,,,,,,, Japoatã,,
,,,,,,,,,, São José do Goiabal,,,,,,, Lagarto,,
,,,,,,,,,, São José do Jacuri,,,,,,, Laranjeiras,,
,,,,,,,,,, São José do Mantimento,,,,,,, Macambira,,
,,,,,,,,,, São Miguel do Anta,,,,,,, Malhada dos Bois,,
,,,,,,,,,, São Pedro do Suaçuí,,,,,,, Malhador,,
,,,,,,,,,, São Pedro dos Ferros,,,,,,, Maruim,,
,,,,,,,,,, São Roque de Minas,,,,,,, Moita Bonita,,
,,,,,,,,,, São Sebastião da Vargem Alegre,,,,,,, Monte Alegre de Sergipe,,
,,,,,,,,,, São Sebastião do Anta,,,,,,, Muribeca,,
,,,,,,,,,, São Sebastião do Maranhão,,,,,,, Neópolis,,
,,,,,,,,,, São Sebastião do Oeste,,,,,,, Nossa Senhora Aparecida,,
,,,,,,,,,, São Sebastião do Rio Preto,,,,,,, Nossa Senhora da Glória,,
,,,,,,,,,, São Tiago,,,,,,, Nossa Senhora das Dores,,
,,,,,,,,,, Sardoá,,,,,,, Nossa Senhora de Lourdes,,
,,,,,,,,,, Sarzedo,,,,,,, Nossa Senhora do Socorro,,
,,,,,,,,,, Sem-Peixe,,,,,,, Pacatuba,,
,,,,,,,,,, Senador Cortes,,,,,,, Pedra Mole,,
,,,,,,,,,, Senador Firmino,,,,,,, Pedrinhas,,
,,,,,,,,,, Senhora de Oliveira,,,,,,, Pinhão,,
,,,,,,,,,, Senhora do Porto,,,,,,, Pirambu,,
,,,,,,,,,, Senhora dos Remédios,,,,,,, Poço Verde,,
,,,,,,,,,, Sericita,,,,,,, Porto da Folha,,
,,,,,,,,,, Serra Azul de Minas,,,,,,, Propriá,,
,,,,,,,,,, Serra da Saudade,,,,,,, Riachão do Dantas,,
,,,,,,,,,, Serra do Salitre,,,,,,, Riachuelo,,
,,,,,,,,,, Serro,,,,,,, Ribeirópolis,,
,,,,,,,,,, Sete Lagoas,,,,,,, Rosário do Catete,,
,,,,,,,,,, Silveirânia,,,,,,, Salgado,,
,,,,,,,,,, Simão Pereira,,,,,,, Santa Luzia do Itanhy,,
,,,,,,,,,, Simonesia,,,,,,, Santa Rosa de Lima,,
,,,,,,,,,, Sobrália,,,,,,, Santana do São Francisco,,
,,,,,,,,,, Tabuleiro,,,,,,, Santo Amaro das Brotas,,
,,,,,,,,,, Taparuba,,,,,,, São Cristovão,,
,,,,,,,,,, Tapira,,,,,,, São Domingos,,
,,,,,,,,,, Tapiraí,,,,,,, São Francisco,,
,,,,,,,,,, Taquaraçu de Minas,,,,,,, São Miguel do Aleixo,,
,,,,,,,,,, Tarumirim,,,,,,, Simão Dias,,
,,,,,,,,,, Teixeiras,,,,,,, Siriri,,
,,,,,,,,,, Timóteo,,,,,,, Telha,,
,,,,,,,,,, Tiradentes,,,,,,, Tobias Barreto,,
,,,,,,,,,, Tiros,,,,,,, Tomar do Geru,,
,,,,,,,,,, Tocantins,,,,,,, Umbaúba,,
,,,,,,,,,, Tombos,,,,,,, Abreulândia,,
,,,,,,,,,, Três Marias,,,,,,, Aguiarnópolis,,
,,,,,,,,,, Tupaciguara,,,,,,, Ananás,,
,,,,,,,,,, Ubá,,,,,,, Angico,,
,,,,,,,,,, Ubaporanga,,,,,,, Aparecida do Rio Negro,,
,,,,,,,,,, Uberaba,,,,,,, Aragominas,,
,,,,,,,,,, Uberlândia,,,,,,, Araguacema,,
,,,,,,,,,, Urucânia,,,,,,, Araguaína,,
,,,,,,,,,, Vargem Alegre,,,,,,, Araguanã,,
,,,,,,,,,, Vargem Bonita,,,,,,, Araguatins,,
,,,,,,,,,, Veríssimo,,,,,,, Arapoema,,
,,,,,,,,,, Vermelho Novo,,,,,,, Augustinópolis,,
,,,,,,,,,, Vespasiano,,,,,,, Axixá do Tocantins,,
,,,,,,,,,, Viçosa,,,,,,, Babaçulândia,,
,,,,,,,,,, Vieiras,,,,,,, Bandeirantes do Tociantins,,
,,,,,,,,,, Virginópolis,,,,,,, Barra do Ouro,,
,,,,,,,,,, Virgolândia,,,,,,, Barrolândia,,
,,,,,,,,,, Visconde do Rio Branco,,,,,,, Berrnardo Sayão,,
,,,,,,,,,, Volta Grande,,,,,,, Bom Jesus do Tocantins,,
,,,,,,,,,, Água Limpa,,,,,,, Brasilândia do Tocantins,,
,,,,,,,,,, Aloândia,,,,,,, Brejinho de Nazaré,,
,,,,,,,,,, Anhanguera,,,,,,, Buriti do Tocantins,,
,,,,,,,,,, Buriti Alegre,,,,,,, Cachoeirinha,,
,,,,,,,,,, Caldas Novas,,,,,,, Campos Lindos,,
,,,,,,,,,, Campo Alegre de Goiás,,,,,,, Carmolândia,,
,,,,,,,,,, Catalão,,,,,,, Carrasco Bonito,,
,,,,,,,,,, Corumbaíba,,,,,,, Caseara,,
,,,,,,,,,, Cristianópolis,,,,,,, Centenário,,
,,,,,,,,,, Cromínia,,,,,,, Chapada de Areia,,
,,,,,,,,,, Cumari,,,,,,, Colinas do Tocantins,,
,,,,,,,,,, Davinópolis,,,,,,, Colméia,,
,,,,,,,,,, Goiandira,,,,,,, Couto de Magalhães,,
,,,,,,,,,, Ipameri,,,,,,, Cristalândia,,
,,,,,,,,,, Joviânia,,,,,,, Darcinópolis,,
,,,,,,,,,, Mairipotaba,,,,,,, Divinópolis do Tocantins,,
,,,,,,,,,, Marzagão,,,,,,, Dois Irmãos do Tocantins,,
,,,,,,,,,, Morrinhos,,,,,,, Esperantina,,
,,,,,,,,,, Nova Aurora,,,,,,, Fátima,,
,,,,,,,,,, Ouvidor,,,,,,, Filadélfia,,
,,,,,,,,,, Palmelo,,,,,,, Fortaleza do Tabocão,,
,,,,,,,,,, Piracanjuba,,,,,,, Goianorte,,
,,,,,,,,,, Pires do Rio,,,,,,, Goiatins,,
,,,,,,,,,, Pontalina,,,,,,, Guaraí,,
,,,,,,,,,, Professor Jamil,,,,,,, Itacajá,,
,,,,,,,,,, Rio Quente,,,,,,, Itaguatins,,
,,,,,,,,,, Santa Cruz de Goiás,,,,,,, Itapiratins,,
,,,,,,,,,, Três Ranchos,,,,,,, Itapora do Tocantins,,
,,,,,,,,,, Urutaí ,,,,,,, Juarina,,
,,,,,,,,,,,,,,,,, Lagoa da Confusão,,
,,,,,,,,,,,,,,,,, Lagoa do Tocantins,,
,,,,,,,,,,,,,,,,, Lajeado,,
,,,,,,,,,,,,,,,,, Lizarda,,
,,,,,,,,,,,,,,,,, Luzinópolis,,
,,,,,,,,,,,,,,,,, Marianópolis do Tocantins,,
,,,,,,,,,,,,,,,,, Mateiros,,
,,,,,,,,,,,,,,,,, Maurilândia do Tocantins,,
,,,,,,,,,,,,,,,,, Miracema do Tocantins,,
,,,,,,,,,,,,,,,,, Miranorte,,
,,,,,,,,,,,,,,,,, Monte do Carmo,,
,,,,,,,,,,,,,,,,, Monte Santo do Tocantins,,
,,,,,,,,,,,,,,,,, Muricilândia,,
,,,,,,,,,,,,,,,,, Nazaré,,
,,,,,,,,,,,,,,,,, Nova Olinda,,
,,,,,,,,,,,,,,,,, Nova Rosalândia,,
,,,,,,,,,,,,,,,,, Novo Acordo,,
,,,,,,,,,,,,,,,,, Oliveira de Fátima,,
,,,,,,,,,,,,,,,,, Palmas,,
,,,,,,,,,,,,,,,,, Palmeirante,,
,,,,,,,,,,,,,,,,, Palmeiras do Tocantins,,
,,,,,,,,,,,,,,,,, Paraíso do Tocantins,,
,,,,,,,,,,,,,,,,, Pau d'Arco,,
,,,,,,,,,,,,,,,,, Pedro Afonso,,
,,,,,,,,,,,,,,,,, Pequizeiro,,
,,,,,,,,,,,,,,,,, Piraquê,,
,,,,,,,,,,,,,,,,, Pium,,
,,,,,,,,,,,,,,,,, Ponte Alta do Tocantins,,
,,,,,,,,,,,,,,,,, Porto Nacional,,
,,,,,,,,,,,,,,,,, Praia Norte,,
,,,,,,,,,,,,,,,,, Presidente Kennedy,,
,,,,,,,,,,,,,,,,, Pugmil,,
,,,,,,,,,,,,,,,,, Recursolândia,,
,,,,,,,,,,,,,,,,, Riachinho,,
,,,,,,,,,,,,,,,,, Rio dos Bois,,
,,,,,,,,,,,,,,,,, Rio Sono,,
,,,,,,,,,,,,,,,,, Sampaio,,
,,,,,,,,,,,,,,,,, Santa Fé do Araguaia,,
,,,,,,,,,,,,,,,,, Santa Maria do Tocantins,,
,,,,,,,,,,,,,,,,, Santa Rita do Tocantins,,
,,,,,,,,,,,,,,,,, Santa Tereza do Tocantins,,
,,,,,,,,,,,,,,,,, Santa Terezinha do Tocantins,,
,,,,,,,,,,,,,,,,, São Bento do Tocantins,,
,,,,,,,,,,,,,,,,, São Félix do Tocantins,,
,,,,,,,,,,,,,,,,, São Miguel do Tocantins,,
,,,,,,,,,,,,,,,,, São Sebastião do Tocantins,,
,,,,,,,,,,,,,,,,, Sítio Novo do Tocantins,,
,,,,,,,,,,,,,,,,, Tocantínia,,
,,,,,,,,,,,,,,,,, Tocantinópolis,,
,,,,,,,,,,,,,,,,, Tupirama,,
,,,,,,,,,,,,,,,,, Tupiratins,,
,,,,,,,,,,,,,,,,, Wanderlândia,,
,,,,,,,,,,,,,,,,, Xambioá ,,
